cluster_id,customer_count,geometry
893ca826403ffff,26,"POLYGON ((86.33555816357114 23.69436798156021, 86.33755291189436 23.69400978352097, 86.33896443450757 23.69540524206129, 86.33838118630239 23.69715889529532, 86.33979273462018 23.69855432474851, 86.33920948239508 23.70030793317448, 86.33721467462033 23.70066609977658, 86.33663141114354 23.70241965101811, 86.3346366146156 23.70277776378099, 86.33405333988951 23.70453125783139, 86.33205855461649 23.70488931675063, 86.33064707380109 23.70349389734423, 86.33123035575105 23.70174041566781, 86.32981890064397 23.70034496716963, 86.32782418609925 23.70070300370025, 86.32641277921491 23.6993075294707, 86.32699606435943 23.69755401536055, 86.32899074917157 23.69719596309783, 86.32957402307467 23.69544239179895, 86.33156871915666 23.69508428569932, 86.33215198181595 23.6933306572184, 86.33414668915978 23.69297249728628, 86.33555816357114 23.69436798156021))"
893ca9c126fffff,42,"POLYGON ((86.43197836437439 23.85011436785359, 86.43339183572475 23.85150809191524, 86.43538862568171 23.85114989308542, 86.43680214504722 23.85254359087647, 86.43621885214151 23.85429548409786, 86.43763239720572 23.85568915221084, 86.43704910031363 23.85744100019959, 86.43846267107682 23.85883463862456, 86.43787937019857 23.86058644137232, 86.4358824911825 23.86094459354777, 86.43529917894357 23.86269633890157, 86.43330231088312 23.86305443708365, 86.43271898728585 23.86480612503681, 86.43072213018918 23.86516416922113, 86.42930862638197 23.86377054100909, 86.42731180995051 23.86412854675217, 86.42589835417743 23.86273489225489, 86.42390157842389 23.86309285956134, 86.422488170693 23.86169917878798, 86.42307151637606 23.85994752730055, 86.42506826243398 23.85958954442625, 86.42565159676899 23.85783783553386, 86.42423819240314 23.85644412167828, 86.42482152274707 23.85469236754908, 86.42681825009863 23.85433431511352, 86.42740156909316 23.85258250359122, 86.42939830742586 23.85222439716827, 86.42998161506866 23.85047252825951, 86.43197836437439 23.85011436785359))"
893ca9c80d3ffff,47,"POLYGON ((86.4117239967088 23.78125064564898, 86.41372009287274 23.78089214255142, 86.41430330136771 23.77913922350786, 86.41629940854756 23.7787806665132, 86.41771233691685 23.7801750441526, 86.41970848478778 23.77981644885161, 86.42112146118704 23.78121080040534, 86.42053826737909 23.78296374389625, 86.41854208982484 23.78332232361249, 86.41795888467922 23.7850752098414, 86.41937186443386 23.78646952857276, 86.41878865529665 23.78822236975267, 86.41679245905989 23.78858087998196, 86.41620923858635 23.79033366388796, 86.41421305335854 23.79069212020902, 86.41280011829348 23.78929780821422, 86.41080397377303 23.78965622621692, 86.40939108675792 23.78826188813021, 86.40997432190746 23.78650912867109, 86.40856146058869 23.78511476113076, 86.40914469174301 23.78336195662369, 86.40773185612028 23.78196755963972, 86.40831508327915 23.78021471009305, 86.4103111387289 23.77985624529791, 86.4117239967088 23.78125064564898))"
893ca9c8117ffff,74,"POLYGON ((86.44864475913802 23.79439468079978, 86.44922789798953 23.79264168477134, 86.45122444117169 23.79228276004325, 86.45180756865477 23.79052970676584, 86.45039416034511 23.78913559039627, 86.45097728384907 23.78738249205531, 86.45297380827218 23.78702349790475, 86.45438723885057 23.78841761762881, 86.45380412273829 23.79017072814849, 86.45521757899802 23.79156481834061, 86.45721417363292 23.79120580136634, 86.4586276778347 23.79259986537181, 86.45804456514232 23.79435294299584, 86.4594580950247 23.79574697745096, 86.45887497835602 23.79750000999683, 86.46028853391928 23.79889401489162, 86.46228522840462 23.7985349905962, 86.46369883189996 23.79992896927829, 86.46311571866021 23.80168196889782, 86.46111899451896 23.80204097767549, 86.46053586989841 23.80379392003992, 86.45853915663071 23.80415287491864, 86.4579560206317 23.80590576002131, 86.45595931824563 23.80626466099665, 86.45537617087052 23.80801748883087, 86.45337947937421 23.80837633589841, 86.45196596491704 23.80698237066018, 86.45254911968686 23.8052295549905, 86.45113563091461 23.80383556017743, 86.44913900964653 23.80419438439956, 86.44855584748667 23.80594718790012, 86.44655923712916 23.80630595821301, 86.44514581860015 23.80491194056445, 86.44572898814535 23.8031591492376, 86.44431559530327 23.80176510203107, 86.44489876086664 23.80001226560824, 86.44689531188921 23.79965346421469, 86.4474784660878 23.79790057052428, 86.4460650766477 23.79650649040698, 86.44664822686531 23.79475355163419, 86.44864475913802 23.79439468079978))"
893ca9c811bffff,48,"POLYGON ((86.44864475913802 23.79439468079978, 86.44664822686531 23.79475355163419, 86.4460650766477 23.79650649040698, 86.4474784660878 23.79790057052428, 86.44689531188921 23.79965346421469, 86.44489876086664 23.80001226560824, 86.44348539371121 23.79861818885371, 86.44148888328165 23.79897695188747, 86.44007556410433 23.79758284895842, 86.44065873306366 23.79582997963252, 86.4392454395737 23.79443584717386, 86.43982860454946 23.79268293277183, 86.43841533674663 23.79128877079355, 86.43899849773857 23.78953581132374, 86.44099491915908 23.78917700164101, 86.44157806879285 23.78742398491789, 86.44357450114596 23.78706512134374, 86.44415763941917 23.78531204737398, 86.44615408269678 23.78495312991286, 86.44756741736505 23.78634730196578, 86.44956390122177 23.78598834616223, 86.45014702074639 23.78423520276609, 86.45214351550911 23.78387619308072, 86.4535569204064 23.78527034232675, 86.45297380827218 23.78702349790475, 86.45097728384907 23.78738249205531, 86.45039416034511 23.78913559039627, 86.45180756865477 23.79052970676584, 86.45122444117169 23.79228276004325, 86.44922789798953 23.79264168477134, 86.44864475913802 23.79439468079978))"
893ca9c812fffff,31,"POLYGON ((86.45297380827218 23.78702349790475, 86.4535569204064 23.78527034232675, 86.45214351550911 23.78387619308072, 86.45272662366501 23.78212299245276, 86.45472312932561 23.78176392889, 86.45613655648718 23.78315808148671, 86.45813310269331 23.78279897957837, 86.45871619208097 23.78104570954635, 86.46071274916649 23.78068655376575, 86.46212624651663 23.78208068353969, 86.46154316453091 23.78383396574609, 86.4629566875586 23.78522806599267, 86.46237360159826 23.78698130314809, 86.46378715030376 23.78837537385733, 86.46320406036899 23.79012856595342, 86.46120741432303 23.7904876751726, 86.46062431300827 23.79224081003602, 86.46203786514413 23.79363484784567, 86.46145475985413 23.79538793763614, 86.4594580950247 23.79574697745096, 86.45804456514232 23.79435294299584, 86.4586276778347 23.79259986537181, 86.45721417363292 23.79120580136634, 86.45521757899802 23.79156481834061, 86.45380412273829 23.79017072814849, 86.45438723885057 23.78841761762881, 86.45297380827218 23.78702349790475))"
893ca9c8143ffff,32,"POLYGON ((86.44357450114596 23.78706512134374, 86.44157806879285 23.78742398491789, 86.44016480438138 23.78602979007099, 86.43816841263047 23.7863886153066, 86.43675519620108 23.78499439431895, 86.43475884506508 23.78535318122061, 86.43334567662573 23.78395893410138, 86.43392883701746 23.78220589672277, 86.43592515848161 23.78184709426132, 86.43733834922469 23.78324134473871, 86.43933471130602 23.78288250394864, 86.43991785297357 23.78112939712554, 86.44191422599212 23.78077050245148, 86.44249735630123 23.77901733839224, 86.44449374024894 23.77865838983862, 86.44590702355131 23.78005262089174, 86.44532390062191 23.78180579714516, 86.44673720960709 23.78319999870316, 86.44873366380114 23.78284102735949, 86.45014702074639 23.78423520276609, 86.44956390122177 23.78598834616223, 86.44756741736505 23.78634730196578, 86.44615408269678 23.78495312991286, 86.44415763941917 23.78531204737398, 86.44357450114596 23.78706512134374))"
893ca9c822bffff,39,"POLYGON ((86.425046829518 23.75248244352311, 86.425629950041 23.75072895612584, 86.4276259747882 23.75036999797843, 86.42903890868278 23.75176454280453, 86.43103497407004 23.75140554638165, 86.43244795595761 23.75280006515989, 86.43444406197224 23.75244103045693, 86.43585709184482 23.75383552317817, 86.43527399340158 23.75558904726052, 86.43668704895582 23.75698351057487, 86.43610394652849 23.75873698968366, 86.43751702776466 23.76013142358116, 86.43693392135354 23.761884857708, 86.43493772633788 23.76224384572025, 86.43435460857465 23.76399722264237, 86.43235842451013 23.76435615679291, 86.43177529539719 23.76610947650364, 86.4297791222919 23.76646835678805, 86.42836610797244 23.7650739329307, 86.42636997550848 23.76543277491764, 86.42495700919299 23.76403832498858, 86.42554015302203 23.76228502972327, 86.42753625581199 23.7619261721616, 86.4281193882981 23.76017281968198, 86.42670642534976 23.75877833699173, 86.42728955384841 23.75702493953118, 86.42587661658527 23.75563042743945, 86.42645974109622 23.75387698500634, 86.425046829518 23.75248244352311))"
893ca9c8307ffff,9,"POLYGON ((86.45398151954714 23.76706110439165, 86.45539486625572 23.7684553783128, 86.45481179277418 23.77020882845247, 86.45281536519086 23.77056799247998, 86.45223228033909 23.77232138541696, 86.45023586365251 23.77268049558264, 86.44882256147683 23.77128622834842, 86.44682618535539 23.77164530018907, 86.44541293113576 23.77025100682804, 86.4459960307601 23.7684976382815, 86.44799237722131 23.76813855089802, 86.44940565371724 23.76953284760437, 86.45140204074586 23.76917372190117, 86.45198512161944 23.76742028395295, 86.45398151954714 23.76706110439165))"
893ca9c8313ffff,27,"POLYGON ((86.45198512161944 23.76742028395295, 86.45140204074586 23.76917372190117, 86.44940565371724 23.76953284760437, 86.44799237722131 23.76813855089802, 86.4459960307601 23.7684976382815, 86.44541293113576 23.77025100682804, 86.44682618535539 23.77164530018907, 86.44624308175052 23.77339862372228, 86.44424671654436 23.77375764169595, 86.44283348460678 23.77236335168251, 86.44083715998883 23.77272233133502, 86.43942397602231 23.77132801520467, 86.44000709438349 23.76957471607395, 86.44200338933655 23.7692157208696, 86.44258649634011 23.76746236452512, 86.44117331576625 23.76606801559125, 86.44175641878776 23.76431461424495, 86.44375269500634 23.76395554962686, 86.44516589786478 23.76534990190526, 86.44716221466577 23.76499079897737, 86.447745298947 23.7632373282255, 86.44974162665979 23.76287817144248, 86.4511548997481 23.7642725009525, 86.45057182285294 23.76602598390357, 86.45198512161944 23.76742028395295))"
893ca9c8393ffff,35,"POLYGON ((86.44166724729459 23.77586987211389, 86.4410841209679 23.77762308120533, 86.44249735630123 23.77901733839224, 86.44191422599212 23.78077050245148, 86.43991785297357 23.78112939712554, 86.43933471130602 23.78288250394864, 86.43733834922469 23.78324134473871, 86.43592515848161 23.78184709426132, 86.43392883701746 23.78220589672277, 86.43251569426545 23.78081162012227, 86.4305194134312 23.78117038425968, 86.42993624567605 23.78292340943209, 86.42793997580797 23.78328211967968, 86.4265269033727 23.78188782032484, 86.42711007848658 23.78013480736322, 86.42910631867819 23.77977608154523, 86.42968948244629 23.77802301133642, 86.42827641338131 23.77662867915909, 86.42885957316203 23.77487556392223, 86.42744652978485 23.773481202292, 86.425450348946 23.77383995925563, 86.42403735357782 23.77244557153753, 86.4246205167258 23.77069242350119, 86.42661666788833 23.77033365096233, 86.428029685578 23.77172804203548, 86.43002587738995 23.77136923119314, 86.43143894308166 23.77276359617768, 86.43085579464807 23.77451676864981, 86.43226888602628 23.77591110418297, 86.43426514814676 23.77555227059715, 86.43567828751799 23.77694658002407, 86.43767459026027 23.77658770812025, 86.43825772396065 23.77483451123066, 86.44025403764479 23.77447558545029, 86.44166724729459 23.77586987211389))"
893ca9c83a7ffff,64,"POLYGON ((86.45281536519086 23.77056799247998, 86.45481179277418 23.77020882845247, 86.45622516516025 23.77160307289457, 86.45564208770182 23.7733564780199, 86.45705548576564 23.77475069297299, 86.45905198354431 23.77439150614344, 86.46046542954016 23.7757856949422, 86.45988235550445 23.77753906722542, 86.46129582717734 23.77893322651676, 86.46071274916649 23.78068655376575, 86.45871619208097 23.78104570954635, 86.45813310269331 23.78279897957837, 86.45613655648718 23.78315808148671, 86.45472312932561 23.78176392889, 86.45272662366501 23.78212299245276, 86.45214351550911 23.78387619308072, 86.45014702074639 23.78423520276609, 86.44873366380114 23.78284102735949, 86.44673720960709 23.78319999870316, 86.44532390062191 23.78180579714516, 86.44590702355131 23.78005262089174, 86.44449374024894 23.77865838983862, 86.44249735630123 23.77901733839224, 86.4410841209679 23.77762308120533, 86.44166724729459 23.77586987211389, 86.4436636015774 23.77551090801163, 86.44507685919724 23.77690516854991, 86.44707325406601 23.77654616612118, 86.44765636165116 23.77479288760966, 86.44624308175052 23.77339862372228, 86.44682618535539 23.77164530018907, 86.44882256147683 23.77128622834842, 86.45023586365251 23.77268049558264, 86.45223228033909 23.77232138541696, 86.45281536519086 23.77056799247998))"
893ca9c83c3ffff,43,"POLYGON ((86.43085579464807 23.77451676864981, 86.43143894308166 23.77276359617768, 86.43002587738995 23.77136923119314, 86.43060902183704 23.76961601370659, 86.4291959818316 23.76822161928065, 86.42719981969366 23.7685804456945, 86.4257868276912 23.76718602518841, 86.42636997550848 23.76543277491764, 86.42836610797244 23.7650739329307, 86.4297791222919 23.76646835678805, 86.43177529539719 23.76610947650364, 86.43235842451013 23.76435615679291, 86.43435460857465 23.76399722264237, 86.43576769319444 23.76539162376706, 86.43776391787718 23.76503265131519, 86.43834702827189 23.76327926217869, 86.44034326389537 23.76292023586582, 86.44175641878776 23.76431461424495, 86.44117331576625 23.76606801559125, 86.44258649634011 23.76746236452512, 86.44200338933655 23.7692157208696, 86.44000709438349 23.76957471607395, 86.43942397602231 23.77132801520467, 86.44083715998883 23.77272233133502, 86.44283348460678 23.77236335168251, 86.44424671654436 23.77375764169595, 86.4436636015774 23.77551090801163, 86.44166724729459 23.77586987211389, 86.44025403764479 23.77447558545029, 86.43825772396065 23.77483451123066, 86.43767459026027 23.77658770812025, 86.43567828751799 23.77694658002407, 86.43426514814676 23.77555227059715, 86.43226888602628 23.77591110418297, 86.43085579464807 23.77451676864981))"
893ca9c840fffff,124,"POLYGON ((86.41080397377303 23.78965622621692, 86.41280011829348 23.78929780821422, 86.41421305335854 23.79069212020902, 86.41362982155094 23.79244484683442, 86.41504278231162 23.7938391293572, 86.41445954651057 23.79559181091477, 86.41587253296713 23.79698606395555, 86.41528929317288 23.79873870043696, 86.41329305958145 23.79909707166167, 86.4127098084534 23.80084965084533, 86.41071358588248 23.80120796814559, 86.4093006441334 23.79981372185649, 86.40730446228606 23.80017200082634, 86.40589156859899 23.79877772842995, 86.40647483439444 23.79702517368642, 86.40506196640671 23.79563087181342, 86.40564522820533 23.79387827199474, 86.40423238591671 23.79248394065512, 86.40481564371825 23.79073129576965, 86.40681173648079 23.79037296999477, 86.40739498295751 23.78862026781914, 86.40939108675792 23.78826188813021, 86.41080397377303 23.78965622621692))"
893ca9c842bffff,102,"POLYGON ((86.41937186443386 23.78646952857276, 86.41795888467922 23.7850752098414, 86.41854208982484 23.78332232361249, 86.42053826737909 23.78296374389625, 86.42112146118704 23.78121080040534, 86.42311764973637 23.78085216679342, 86.42453067415764 23.78224649225228, 86.4239474877003 23.78399944796002, 86.42536053781211 23.78539374395297, 86.42477734736555 23.78714665461381, 86.42619042316819 23.78854092113087, 86.42560722873264 23.79029378673646, 86.4270203302264 23.79168802376766, 86.4264371318021 23.79344084430965, 86.4244408245284 23.79379941561346, 86.42302774536134 23.79240518194946, 86.4210314787569 23.79276371492107, 86.42044826163728 23.79451646597793, 86.42186131847197 23.79591069627248, 86.42127809736148 23.79766340225525, 86.41928181206752 23.79802186573361, 86.41869857961748 23.79977451442677, 86.41670230532553 23.80013292398579, 86.41528929317288 23.79873870043696, 86.41587253296713 23.79698606395555, 86.41445954651057 23.79559181091477, 86.41504278231162 23.7938391293572, 86.41362982155094 23.79244484683442, 86.41421305335854 23.79069212020902, 86.41620923858635 23.79033366388796, 86.41679245905989 23.78858087998196, 86.41878865529665 23.78822236975267, 86.41937186443386 23.78646952857276))"
893ca9c8443ffff,96,"POLYGON ((86.40481564371825 23.79073129576965, 86.40423238591671 23.79248394065512, 86.40564522820533 23.79387827199474, 86.40506196640671 23.79563087181342, 86.40647483439444 23.79702517368642, 86.40589156859899 23.79877772842995, 86.40389542748794 23.79913596907399, 86.40331215036788 23.80088846651025, 86.40131602030627 23.80124665322401, 86.39990319706543 23.7998523581102, 86.39790710776319 23.80021050650208, 86.39732381200112 23.80196293439456, 86.39532773376682 23.80232102885106, 86.39391498099991 23.80092671103277, 86.39449828407713 23.79917429537467, 86.39649433260728 23.79881618530007, 86.39707762436912 23.79706371232513, 86.39566487491578 23.79566936166187, 86.39624816267713 23.79391684361282, 86.39483543892614 23.79252246349829, 86.39541872268677 23.79076990038351, 86.39741472288358 23.7904117051436, 86.39799799532858 23.78865908472908, 86.39658527489259 23.78726467179638, 86.3971685433377 23.7855120063297, 86.39916452490185 23.7851537415544, 86.39974778203003 23.7834010187999, 86.4017437746552 23.78304270011287, 86.40232702046407 23.78128992007723, 86.40432302414212 23.78093154748284, 86.40573581170493 23.78232597053264, 86.40773185612028 23.78196755963972, 86.40914469174301 23.78336195662369, 86.40856146058869 23.78511476113076, 86.40997432190746 23.78650912867109, 86.40939108675792 23.78826188813021, 86.40739498295751 23.78862026781914, 86.40681173648079 23.79037296999477, 86.40481564371825 23.79073129576965))"
893ca9c849bffff,117,"POLYGON ((86.40497135247146 23.80718183465293, 86.40638427519131 23.80857604468322, 86.40838050539428 23.80821785084566, 86.40979347618111 23.8096120347525, 86.4092101944006 23.8113644091119, 86.40721393450025 23.81172258735049, 86.40663064139093 23.81347490438168, 86.40463439253075 23.81383302867519, 86.40322146648076 23.81243885153973, 86.40122525837083 23.81279693749009, 86.3998123804018 23.81140273423264, 86.39781621305484 23.81176078184448, 86.39640338317473 23.81036655247423, 86.39698669825518 23.80861427210429, 86.39557389407975 23.80722001324138, 86.39615720515933 23.80546768776703, 86.39474442668831 23.80407339942146, 86.39532773376682 23.80232102885106, 86.39732381200112 23.80196293439456, 86.39790710776319 23.80021050650208, 86.39990319706543 23.7998523581102, 86.40131602030627 23.80124665322401, 86.40331215036788 23.80088846651025, 86.40472502168565 23.80228273552665, 86.40414174056795 23.80403518787416, 86.40555463758662 23.80542942740249, 86.40497135247146 23.80718183465293))"
893ca9c84bbffff,143,"POLYGON ((86.40979347618111 23.8096120347525, 86.40838050539428 23.80821785084566, 86.40638427519131 23.80857604468322, 86.40497135247146 23.80718183465293, 86.40555463758662 23.80542942740249, 86.40414174056795 23.80403518787416, 86.40472502168565 23.80228273552665, 86.40331215036788 23.80088846651025, 86.40389542748794 23.79913596907399, 86.40589156859899 23.79877772842995, 86.40730446228606 23.80017200082634, 86.4093006441334 23.79981372185649, 86.41071358588248 23.80120796814559, 86.4127098084534 23.80084965084533, 86.41412279825647 23.80224387101793, 86.41353954313443 23.80399640511182, 86.41154329087077 23.80435470681891, 86.41096002441626 23.80610718360319, 86.4123730175629 23.8075013708923, 86.41178974711354 23.80925380257322, 86.40979347618111 23.8096120347525))"
893ca9c853bffff,65,"POLYGON ((86.43117019106667 23.8074224181935, 86.42975696111341 23.8060283287411, 86.43034017549037 23.80427568853716, 86.42892697122956 23.80288156954908, 86.42693057491226 23.80324009413865, 86.42551741866652 23.80184594899661, 86.42610063641401 23.80009327589367, 86.42809700305006 23.79973473573428, 86.4295101816187 23.80112888424809, 86.43150658890676 23.80077030574129, 86.43291981548344 23.80216442810041, 86.4349162634108 23.8018058112416, 86.43549945508366 23.80005305646332, 86.43749591396329 23.79969438569242, 86.43890921084321 23.80108848525569, 86.440905710339 23.80072977612889, 86.442319055204 23.80212384951838, 86.44173587827821 23.80387662866695, 86.44314924883112 23.80527067250692, 86.44514581860015 23.80491194056445, 86.44655923712916 23.80630595821301, 86.44597606360242 23.80805870443553, 86.44397946416359 23.80841742083477, 86.44339627927231 23.81017010977256, 86.44139969076025 23.81052877225372, 86.43998631681278 23.80913476134359, 86.43798976891006 23.80949338545289, 86.43740656528153 23.81124600492126, 86.4354100283241 23.81160457510736, 86.43399672467309 23.81021054138063, 86.43457993567196 23.80845793409489, 86.43316665771266 23.80706387081408, 86.43117019106667 23.8074224181935))"
893ca9c8573ffff,39,"POLYGON ((86.44007556410433 23.79758284895842, 86.43807909428055 23.79794157363699, 86.43749591396329 23.79969438569242, 86.43549945508366 23.80005305646332, 86.4349162634108 23.8018058112416, 86.43291981548344 23.80216442810041, 86.43150658890676 23.80077030574129, 86.4295101816187 23.80112888424809, 86.42809700305006 23.79973473573428, 86.42868020945114 23.7979820053446, 86.42726705657439 23.79658782731503, 86.42785025898721 23.79483505184501, 86.4264371318021 23.79344084430965, 86.4270203302264 23.79168802376766, 86.42901664847781 23.79132939855777, 86.42959983555548 23.78957652074619, 86.43159616477651 23.78921784163462, 86.43300933659525 23.79061205590065, 86.43242615688017 23.79236494591362, 86.433839354388 23.7937591306769, 86.43583575391902 23.79340042879024, 86.4364189262668 23.79164752658045, 86.43841533674663 23.79128877079355, 86.43982860454946 23.79268293277183, 86.4392454395737 23.79443584717386, 86.44065873306366 23.79582997963252, 86.44007556410433 23.79758284895842))"
893ca9c858fffff,61,"POLYGON ((86.4236778476868 23.81865420113212, 86.42426110408339 23.81690182309026, 86.42284791541198 23.81550777331929, 86.42343116781808 23.81375535014801, 86.42542760154136 23.81339696455572, 86.42601084260262 23.81164448406869, 86.42800728730825 23.81128604454293, 86.4285905170223 23.80953350674681, 86.42717730938944 23.80813942066922, 86.42776053511487 23.80638683776248, 86.42975696111341 23.8060283287411, 86.43117019106667 23.8074224181935, 86.43316665771266 23.80706387081408, 86.43457993567196 23.80845793409489, 86.43399672467309 23.81021054138063, 86.4354100283241 23.81160457510736, 86.43482681333919 23.81335713727621, 86.43624014268218 23.81475114143888, 86.43565692371146 23.81650365848249, 86.43366036802838 23.8168621591829, 86.43307713770257 23.81861461891509, 86.43108059297863 23.81897306567976, 86.4304973513001 23.82072546809387, 86.43191066171043 23.82211943592302, 86.4313274160442 23.82387179319309, 86.42933085260381 23.82423017045374, 86.42791756451456 23.82283620600774, 86.42592104173328 23.82319454488768, 86.4245078016681 23.82180055424699, 86.42509106205497 23.82004822134293, 86.4236778476868 23.81865420113212))"
893ca9c85dbffff,174,"POLYGON ((86.42527071961956 23.79694638304582, 86.42726705657439 23.79658782731503, 86.42868020945114 23.7979820053446, 86.42809700305006 23.79973473573428, 86.42610063641401 23.80009327589367, 86.42551741866652 23.80184594899661, 86.42693057491226 23.80324009413865, 86.42892697122956 23.80288156954908, 86.43034017549037 23.80427568853716, 86.42975696111341 23.8060283287411, 86.42776053511487 23.80638683776248, 86.42717730938944 23.80813942066922, 86.4285905170223 23.80953350674681, 86.42800728730825 23.81128604454293, 86.42601084260262 23.81164448406869, 86.42542760154136 23.81339696455572, 86.42343116781808 23.81375535014801, 86.42201800484315 23.81236127082682, 86.42002161179853 23.81271961805895, 86.41860849685865 23.81132551257759, 86.41919175262338 23.80957305648446, 86.4177786633807 23.80817892147129, 86.41578234071797 23.80853724593249, 86.41436929951929 23.80714308477674, 86.4123730175629 23.8075013708923, 86.41096002441626 23.80610718360319, 86.41154329087077 23.80435470681891, 86.41353954313443 23.80399640511182, 86.41412279825647 23.80224387101793, 86.4127098084534 23.80084965084533, 86.41329305958145 23.79909707166167, 86.41528929317288 23.79873870043696, 86.41670230532553 23.80013292398579, 86.41869857961748 23.79977451442677, 86.41928181206752 23.79802186573361, 86.42127809736148 23.79766340225525, 86.42186131847197 23.79591069627248, 86.42385761475984 23.79555217887917, 86.42527071961956 23.79694638304582))"
893ca9c8693ffff,37,"POLYGON ((86.38860149664055 23.78869733079859, 86.38718889479128 23.78730286914456, 86.38519301696923 23.78766094949428, 86.38378046323174 23.78626646180492, 86.38436376490718 23.78451389038717, 86.38635961302067 23.78415579440229, 86.38777218916616 23.78555028547076, 86.38976807808619 23.78519215119907, 86.39035136115332 23.78343951022788, 86.39234726116325 23.78308132203864, 86.39293053292032 23.78132862377677, 86.39492644401204 23.78097038167436, 86.39550970445663 23.77921762612846, 86.39750562662205 23.77885933011731, 86.39808887575182 23.77710651729405, 86.40008480898287 23.77674816737856, 86.40149752278002 23.7781426459018, 86.40349349676332 23.7777842576977, 86.40490625862934 23.77917871017273, 86.40432302414212 23.78093154748284, 86.40232702046407 23.78128992007723, 86.4017437746552 23.78304270011287, 86.39974778203003 23.7834010187999, 86.39916452490185 23.7851537415544, 86.3971685433377 23.7855120063297, 86.39658527489259 23.78726467179638, 86.39799799532858 23.78865908472908, 86.39741472288358 23.7904117051436, 86.39541872268677 23.79076990038351, 86.39483543892614 23.79252246349829, 86.39283944980419 23.79288060481394, 86.39142677414806 23.79148619863729, 86.38943082581542 23.79184430165089, 86.38801819826212 23.79044986942126, 86.38860149664055 23.78869733079859))"
893ca9c8887ffff,37,"POLYGON ((86.48849165276695 23.79876532195248, 86.48707774311819 23.79737146442324, 86.4876607810893 23.79561818727865, 86.48624689711161 23.79422430014302, 86.48682993111738 23.79247097791721, 86.48541607281047 23.79107706118517, 86.48599910285068 23.78932369388651, 86.4845852702143 23.78792974756799, 86.48516829628868 23.78617633520486, 86.48716514756228 23.78581685701896, 86.48774816223357 23.78406338745575, 86.48974502429735 23.78370385541155, 86.49115890132143 23.78509780840847, 86.49315580379771 23.78473823798416, 86.49456972867374 23.78613216473498, 86.49656667154979 23.78577255592598, 86.49798064426977 23.78716645642156, 86.4973976519379 23.78891996238911, 86.49881165032386 23.7903138332844, 86.4982286540311 23.79206729418334, 86.49623165189875 23.79242687206036, 86.49564864419159 23.79418027575836, 86.49365165282394 23.79453979977112, 86.49306863370472 23.79629314626149, 86.49448261340235 23.79768698086496, 86.4938995903204 23.79944028226788, 86.4919025800927 23.79979973694088, 86.49131954559995 23.80155298112422, 86.4893225461508 23.80191238192038, 86.48790861083071 23.8005185540075, 86.48849165276695 23.79876532195248))"
893ca9c8a9bffff,14,"POLYGON ((86.47793963076305 23.76274855309591, 86.47852262510234 23.76099478051823, 86.48051923929646 23.76063517842557, 86.48110222224111 23.75888134868979, 86.48309884724402 23.75852169276859, 86.4845125189336 23.75991588207381, 86.48392954342034 23.76166972397398, 86.48193288878493 23.76202936440496, 86.4813499018736 23.76378314914848, 86.48276357702923 23.76517730562271, 86.48218058615149 23.76693104536559, 86.48359428697454 23.76832517232469, 86.48301129213063 23.77007886705855, 86.48101458903191 23.7704384226742, 86.4796009104132 23.76904429904627, 86.47760424776163 23.76940381631221, 86.47702123409275 23.7711574417112, 86.47502458226155 23.77151690513227, 86.47361097373994 23.77012275865372, 86.47419399483127 23.76836914542037, 86.47619061702294 23.7680096664995, 86.47677362672329 23.76625599608938, 86.47877025973766 23.76589646332738, 86.47935325804468 23.7641427357472, 86.47793963076305 23.76274855309591))"
893ca9c8aabffff,58,"POLYGON ((86.50414512061013 23.76297373516576, 86.50356219374203 23.7647276949616, 86.50156532634465 23.7650875809771, 86.50098238805901 23.76684148363033, 86.49898553140788 23.76720131582169, 86.49757164266454 23.76580726082301, 86.49557482639109 23.76616705465312, 86.4949918692388 23.76792088801412, 86.49299506373013 23.76828062801491, 86.49241209516848 23.77003440421841, 86.49041530043266 23.77039409038542, 86.48900150388764 23.76900001582486, 86.48700474956311 23.76935966363375, 86.48559100087508 23.76796556286935, 86.48359428697454 23.76832517232469, 86.48218058615149 23.76693104536559, 86.48276357702923 23.76517730562271, 86.4813499018736 23.76378314914848, 86.48193288878493 23.76202936440496, 86.48392954342034 23.76166972397398, 86.4845125189336 23.75991588207381, 86.48650918436742 23.75955618781502, 86.48792290391701 23.76095035094173, 86.48991960976898 23.76059061834076, 86.49133337717055 23.76198475527978, 86.49333012342797 23.76162498433205, 86.49391307265707 23.75987106096989, 86.49590982968391 23.75951123620028, 86.49732366710379 23.76090535026381, 86.49674072532363 23.76265928577511, 86.49815458840511 23.76405337031121, 86.50015141543523 23.76369352265622, 86.50073434976171 23.76193957500034, 86.50273118754042 23.76157967352494, 86.50414512061013 23.76297373516576))"
893ca9c8ab7ffff,14,"POLYGON ((86.49324296703853 23.77318218375104, 86.49124614267473 23.77354185444324, 86.49066315874272 23.77529552845889, 86.48866634515757 23.77565514530914, 86.48725254513589 23.77426110362182, 86.48525577197015 23.7746206821079, 86.48384201981148 23.77322661420902, 86.48442501862135 23.77147296449253, 86.48642176215446 23.77111337052262, 86.48700474956311 23.76935966363375, 86.48900150388764 23.76900001582486, 86.49041530043266 23.77039409038542, 86.49241209516848 23.77003440421841, 86.49299506373013 23.76828062801491, 86.4949918692388 23.76792088801412, 86.49640573581034 23.76931493968835, 86.4958227746968 23.77106872803621, 86.49382593956247 23.77142845256592, 86.49324296703853 23.77318218375104))"
893ca9c8bd3ffff,64,"POLYGON ((86.51029752315911 23.77835308626513, 86.51171163233727 23.77974697381725, 86.51112869315195 23.78150072062025, 86.50913163731774 23.78186056775181, 86.50854868670622 23.78361425738742, 86.50655164159618 23.78397405067696, 86.50513757671764 23.78258016978079, 86.50314057196104 23.78293992467793, 86.50172655490441 23.78154601751591, 86.49972959051398 23.78190573402523, 86.49831562128725 23.78051180060649, 86.49889859428308 23.77875814734831, 86.49748465072054 23.77736418435074, 86.49806761975583 23.77561048605429, 86.49665370185723 23.77421649348787, 86.49465683709717 23.7745762025481, 86.49324296703853 23.77318218375104, 86.49382593956247 23.77142845256592, 86.4958227746968 23.77106872803621, 86.49640573581034 23.76931493968835, 86.4949918692388 23.76792088801412, 86.49557482639109 23.76616705465312, 86.49757164266454 23.76580726082301, 86.49898553140788 23.76720131582169, 86.50098238805901 23.76684148363033, 86.50156532634465 23.7650875809771, 86.50356219374203 23.7647276949616, 86.50497615247133 23.7661217270581, 86.50697306022326 23.76576180267752, 86.50838706676447 23.76715580854046, 86.50780414340288 23.76890973546279, 86.50921817560294 23.77030371176298, 86.50863524828506 23.77205759366804, 86.5066382813003 23.77241748714422, 86.50605534255942 23.77417131189764, 86.50746937826909 23.77556525530131, 86.50688643557109 23.77731903502382, 86.5083004969414 23.77871294884328, 86.51029752315911 23.77835308626513))"
893ca9c8c0fffff,23,"POLYGON ((86.4765101925291 23.80092117364491, 86.47509642306144 23.7995272703028, 86.4730995962137 23.79988646363091, 86.47251650918808 23.80163954480255, 86.47051969317683 23.80199868424201, 86.46993659476121 23.80375170816817, 86.46793978959454 23.80411079371455, 86.466526112496 23.80271687084148, 86.46710921832606 23.80096385906635, 86.46910599384138 23.80060475801282, 86.46968908828484 23.79885168899075, 86.47168587464705 23.79849253404786, 86.47226895770159 23.79673940778555, 86.47426575490263 23.79638019895773, 86.47484882656583 23.79462701546185, 86.47684563459758 23.79426775275354, 86.47825940060935 23.79566168903754, 86.47767633637083 23.79741488468007, 86.47909012805692 23.79880879137304, 86.47850705984963 23.80056194192701, 86.4765101925291 23.80092117364491))"
893ca9c8c3bffff,30,"POLYGON ((86.4825008457675 23.79984338621376, 86.48108700619539 23.79844950577165, 86.47909012805692 23.79880879137304, 86.47767633637083 23.79741488468007, 86.47825940060935 23.79566168903754, 86.47684563459758 23.79426775275354, 86.47742869486714 23.7925145120308, 86.47942551372151 23.79215519544643, 86.480008562595 23.79040189750352, 86.47859480004212 23.78900792829289, 86.47917784494746 23.78725458528339, 86.48117464497665 23.78689519933721, 86.48258842973902 23.78828917189117, 86.4845852702143 23.78792974756799, 86.48599910285068 23.78932369388651, 86.48541607281047 23.79107706118517, 86.48682993111738 23.79247097791721, 86.48624689711161 23.79422430014302, 86.4876607810893 23.79561818727865, 86.48707774311819 23.79737146442324, 86.48849165276695 23.79876532195248, 86.48790861083071 23.8005185540075, 86.48591165180571 23.8008779164008, 86.48449776435561 23.79948406221872, 86.4825008457675 23.79984338621376))"
893ca9c8c47ffff,26,"POLYGON ((86.47742869486714 23.7925145120308, 86.47684563459758 23.79426775275354, 86.47484882656583 23.79462701546185, 86.47426575490263 23.79638019895773, 86.47226895770159 23.79673940778555, 86.47168587464705 23.79849253404786, 86.46968908828484 23.79885168899075, 86.46827541462723 23.79745773317592, 86.4688585050983 23.79570461906631, 86.46744485711829 23.7943106336758, 86.4680279436167 23.79255747448699, 86.46661432131407 23.79116345953078, 86.46719740383961 23.78941025527115, 86.46919410125497 23.78905105380835, 86.47060774579259 23.79044507211386, 86.47260448370037 23.79008583228178, 86.47401817614201 23.79147982437166, 86.47601495452945 23.79112054616573, 86.47659801082973 23.78936726037115, 86.47859480004212 23.78900792829289, 86.480008562595 23.79040189750352, 86.47942551372151 23.79215519544643, 86.47742869486714 23.7925145120308))"
893ca9c8cafffff,16,"POLYGON ((86.48790861083071 23.8005185540075, 86.4893225461508 23.80191238192038, 86.48873950024971 23.80366556887746, 86.48674251158721 23.8040249157923, 86.48615945428007 23.80577804551641, 86.48416247641234 23.80613733854551, 86.48274858549277 23.80474351733224, 86.4807516480701 23.80510277195704, 86.48016857192601 23.8068558323088, 86.47817164531661 23.80721503304269, 86.47675782449693 23.8058211889156, 86.47734090806958 23.80406814070112, 86.47592711292606 23.80267426696154, 86.47393025643159 23.80303344479152, 86.47251650918808 23.80163954480255, 86.4730995962137 23.79988646363091, 86.47509642306144 23.7995272703028, 86.4765101925291 23.80092117364491, 86.47850705984963 23.80056194192701, 86.47909012805692 23.79880879137304, 86.48108700619539 23.79844950577165, 86.4825008457675 23.79984338621376, 86.48449776435561 23.79948406221872, 86.48591165180571 23.8008779164008, 86.48790861083071 23.8005185540075))"
893ca9c8cb3ffff,46,"POLYGON ((86.46877038256922 23.80725765366449, 86.46735667979127 23.80586376038853, 86.46793978959454 23.80411079371455, 86.46993659476121 23.80375170816817, 86.47051969317683 23.80199868424201, 86.47251650918808 23.80163954480255, 86.47393025643159 23.80303344479152, 86.47592711292606 23.80267426696154, 86.47734090806958 23.80406814070112, 86.47675782449693 23.8058211889156, 86.47817164531661 23.80721503304269, 86.48016857192601 23.8068558323088, 86.4807516480701 23.80510277195704, 86.48274858549277 23.80474351733224, 86.48416247641234 23.80613733854551, 86.48615945428007 23.80577804551641, 86.48757339307564 23.80717184045279, 86.48699033180279 23.80892492506537, 86.48840429627148 23.81031869036394, 86.48782123103318 23.81207172985664, 86.48582419388573 23.81243099192619, 86.48441025161765 23.81103722998159, 86.48241325491064 23.81139645363623, 86.48183017083068 23.81314942375235, 86.47983318493232 23.81350859350864, 86.4784193127596 23.81211480863638, 86.47642236732483 23.81247393998163, 86.47500854304911 23.81108012883467, 86.47301163809065 23.81143922177344, 86.47159786172 23.81004538436095, 86.46960099725057 23.81040443889784, 86.46818726879297 23.80901057522897, 86.46877038256922 23.80725765366449))"
893ca9c8e37ffff,29,"POLYGON ((86.4829237301348 23.78163489642906, 86.48092694893421 23.78199435172676, 86.48034391939355 23.78374779699748, 86.47834714900401 23.78410719843544, 86.47693343779594 23.78271317009562, 86.47751647476422 23.78095973697801, 86.47610278922815 23.77956567908855, 86.47668582222752 23.77781220092945, 86.47527216236321 23.77641811350032, 86.47585519139349 23.77466459030809, 86.47444155720063 23.77327047334926, 86.47502458226155 23.77151690513227, 86.47702123409275 23.7711574417112, 86.4784348905014 23.77255156200572, 86.48043158279019 23.77219206023423, 86.48184528707785 23.77358615433551, 86.48384201981148 23.77322661420902, 86.48525577197015 23.7746206821079, 86.48467276919457 23.77637428679864, 86.48608654702144 23.77776832515247, 86.4855035402804 23.77952188480906, 86.48350674827684 23.77988139396205, 86.4829237301348 23.78163489642906))"
893ca9c8e57ffff,24,"POLYGON ((86.46255032714818 23.76387049124305, 86.46396376628675 23.76526474570315, 86.4659602670225 23.76490538179005, 86.46737375407308 23.76629961010206, 86.46679071815099 23.76805319899039, 86.46820423087456 23.76944739780954, 86.46762119098031 23.77120094168776, 86.46903472937707 23.77259511100406, 86.47103132989909 23.77223573977885, 86.4724449161979 23.77362988292101, 86.47186187974729 23.77538339394927, 86.46986524958113 23.77574274966727, 86.46928220174321 23.77749620350011, 86.46728558242168 23.77785550535988, 86.46587204058571 23.77646136889731, 86.46387546176574 23.77682063240909, 86.46246196784584 23.77542646977383, 86.46304503050344 23.77367304028559, 86.46163156225927 23.77227884814444, 86.46221462094256 23.77052537363558, 86.46080117837388 23.7691311519985, 86.46138423308265 23.76737763247741, 86.45997081618918 23.76598338135438, 86.46055386692316 23.76422981682941, 86.46255032714818 23.76387049124305))"
893ca9c8eb3ffff,83,"POLYGON ((86.46728558242168 23.77785550535988, 86.46928220174321 23.77749620350011, 86.47069579148722 23.77889031378081, 86.47269245129759 23.77853097356843, 86.4732754917186 23.77677750757017, 86.47527216236321 23.77641811350032, 86.47668582222752 23.77781220092945, 86.47610278922815 23.77956567908855, 86.47751647476422 23.78095973697801, 86.47693343779594 23.78271317009562, 86.47834714900401 23.78410719843544, 86.47776410806708 23.78586058650318, 86.47917784494746 23.78725458528339, 86.47859480004212 23.78900792829289, 86.47659801082973 23.78936726037115, 86.47601495452945 23.79112054616573, 86.47401817614201 23.79147982437166, 86.47260448370037 23.79008583228178, 86.47060774579259 23.79044507211386, 86.46919410125497 23.78905105380835, 86.46719740383961 23.78941025527115, 86.46661432131407 23.79116345953078, 86.4680279436167 23.79255747448699, 86.46744485711829 23.7943106336758, 86.46544814090558 23.79466976574843, 86.46403454084364 23.79327575414376, 86.46203786514413 23.79363484784567, 86.46062431300827 23.79224081003602, 86.46120741432303 23.7904876751726, 86.46320406036899 23.79012856595342, 86.46378715030376 23.78837537385733, 86.46237360159826 23.78698130314809, 86.4629566875586 23.78522806599267, 86.46154316453091 23.78383396574609, 86.46212624651663 23.78208068353969, 86.46412284412456 23.78172148940965, 86.46470591473002 23.77996814998773, 86.4667025231988 23.7796089019906, 86.46728558242168 23.77785550535988))"
893ca9c8ecfffff,24,"POLYGON ((86.46163156225927 23.77227884814444, 86.46304503050344 23.77367304028559, 86.46246196784584 23.77542646977383, 86.46387546176574 23.77682063240909, 86.4632923951341 23.77857401686836, 86.46129582717734 23.77893322651676, 86.45988235550445 23.77753906722542, 86.46046542954016 23.7757856949422, 86.45905198354431 23.77439150614344, 86.45705548576564 23.77475069297299, 86.45564208770182 23.7733564780199, 86.45622516516025 23.77160307289457, 86.45481179277418 23.77020882845247, 86.45539486625572 23.7684553783128, 86.45398151954714 23.76706110439165, 86.45456458905154 23.76530760924599, 86.45656099787023 23.76494837583103, 86.45714405600312 23.76319482349462, 86.45914047570466 23.7628355362304, 86.46055386692316 23.76422981682941, 86.45997081618918 23.76598338135438, 86.46138423308265 23.76737763247741, 86.46080117837388 23.7691311519985, 86.46221462094256 23.77052537363558, 86.46163156225927 23.77227884814444))"
893ca9c9123ffff,8,"POLYGON ((86.42489000207219 23.73602335260665, 86.42430690884112 23.73777707694765, 86.42571974000377 23.73917173923383, 86.42513664278489 23.74092541864944, 86.42314070705214 23.74128442353384, 86.42172789821086 23.7398897645844, 86.42231100277978 23.73813609741426, 86.42089821962206 23.73674140912323, 86.42148132020188 23.73498769703084, 86.42347719659183 23.73462866098045, 86.42489000207219 23.73602335260665))"
893ca9c945bffff,30,"POLYGON ((86.36627916535333 23.73171914236137, 86.36769123401024 23.73311415447819, 86.36710798916874 23.7348674332146, 86.36511266839867 23.73522568751921, 86.36452941227552 23.73697890903253, 86.36594148419307 23.73837388855387, 86.36793683467572 23.73801564991911, 86.36852008352709 23.73626241609357, 86.37051544516311 23.73590412359107, 86.37192758765693 23.73729908057909, 86.37134434608205 23.73905232671229, 86.36934895473573 23.73941060355024, 86.36876570187474 23.74116379245653, 86.3701778476367 23.74255871682983, 86.36959459076631 23.74431186080847, 86.36759918085842 23.74467006810832, 86.3670159127032 23.74642315484813, 86.3650205139522 23.74678130826839, 86.3636084130725 23.74538639061877, 86.3616130552037 23.74574450582911, 86.36020100247943 23.74434956228229, 86.36078428517183 23.74259650016185, 86.36277961332343 23.74223836927581, 86.36336288473785 23.74048524991365, 86.3619508352668 23.73909027375221, 86.36253410266923 23.7373371094687, 86.3611220789021 23.73594210406632, 86.36170534229232 23.73418889486985, 86.36370062218379 23.73383067875849, 86.36428387429579 23.73207741233747, 86.36627916535333 23.73171914236137))"
893ca9c9693ffff,72,"POLYGON ((86.35172920323738 23.73597951513347, 86.34973402753913 23.73633754712663, 86.3491507270931 23.73809061720089, 86.34715556260598 23.7384485953147, 86.34574372829228 23.73705351905237, 86.34374860475289 23.73741145898467, 86.34233681863535 23.73601635687956, 86.34292013356894 23.7342633114767, 86.34491522737981 23.73390535584054, 86.34549853105356 23.73215225319404, 86.34749363608825 23.73179424368154, 86.34807692849978 23.73004108379808, 86.35007204475021 23.72968302041364, 86.3514838983118 23.73107813260954, 86.35347905549145 23.7307200310503, 86.35489095722829 23.73211511740119, 86.35688615532452 23.73175697766252, 86.35829810522867 23.73315203815922, 86.36029334422884 23.73279386023652, 86.36170534229232 23.73418889486985, 86.3611220789021 23.73594210406632, 86.36253410266923 23.7373371094687, 86.3619508352668 23.73909027375221, 86.36336288473785 23.74048524991365, 86.36277961332343 23.74223836927581, 86.36078428517183 23.74259650016185, 86.36020100247943 23.74434956228229, 86.3616130552037 23.74574450582911, 86.36102976849848 23.74749752301457, 86.35903442180503 23.74785558434024, 86.35762239153746 23.74646064415941, 86.35820568550548 23.74470763928735, 86.35679368094461 23.74331266985252, 86.35479840487817 23.7436707086569, 86.35338644848862 23.74227571334326, 86.35396974569939 23.74052267586049, 86.35596499204406 23.7401646213698, 86.35654827798369 23.73841152664243, 86.35513632483537 23.7370164987296, 86.35314110821241 23.73737456890821, 86.35172920323738 23.73597951513347))"
893ca9c9c5bffff,23,"POLYGON ((86.42489000207219 23.73602335260665, 86.42347719659183 23.73462866098045, 86.42406028583486 23.73287489172245, 86.42605617320719 23.73251580184306, 86.42663925111103 23.73076197542616, 86.4286351494577 23.73040283172223, 86.43004799956611 23.73179753001201, 86.42946492901787 23.73355136867463, 86.43087780480607 23.73494603762743, 86.43029473027212 23.73669983137517, 86.43170763174039 23.73809447098101, 86.43370363004671 23.73773532017012, 86.43511657949695 23.73912993375199, 86.43453350834039 23.74088369481133, 86.43253748036955 23.74124283005436, 86.43112455322095 23.73984821980548, 86.42912856587394 23.74020731678512, 86.42771568671431 23.738812680513, 86.42571974000377 23.73917173923383, 86.42430690884112 23.73777707694765, 86.42489000207219 23.73602335260665))"
893ca9c9cabffff,101,"POLYGON ((86.43527399340158 23.75558904726052, 86.43585709184482 23.75383552317817, 86.43444406197224 23.75244103045693, 86.43244795595761 23.75280006515989, 86.43103497407004 23.75140554638165, 86.42903890868278 23.75176454280453, 86.4276259747882 23.75036999797843, 86.42820908396914 23.74861645338929, 86.43020511968717 23.74825744139432, 86.43078821752364 23.74650383962001, 86.43278426420441 23.7461447737819, 86.43419724271446 23.74753932528693, 86.43619333001446 23.74718022117479, 86.43677640913867 23.74542654999342, 86.43877250738292 23.7450673920433, 86.43935557515454 23.74331366369162, 86.44135168433493 23.74295445190798, 86.44276475540252 23.74434898403208, 86.44476090516864 23.74398973397124, 86.4453439542083 23.74223593623484, 86.44734011489204 23.74187663234563, 86.44792315257099 23.74012277745378, 86.44991932416427 23.73976341974064, 86.45133248773051 23.74115793246265, 86.4507494574367 23.74291179956957, 86.44875325619034 23.74327114173984, 86.4481702145324 23.74502495169276, 86.44958338150605 23.74641943168777, 86.44900033586931 23.74817319669337, 86.44700411587476 23.748532469491, 86.44642105887519 23.75028617733064, 86.44783422925332 23.75168062458333, 86.44983047890332 23.75132136732908, 86.45124369722848 23.75271578849573, 86.4506606436349 23.75446946358155, 86.44866436432942 23.75482870529401, 86.44808129937091 23.75658232320335, 86.44608503097379 23.75694151107258, 86.4455019546527 23.75869507179877, 86.44691515411101 23.76008945686162, 86.44891145216594 23.7597302845363, 86.45032469957631 23.76112464349696, 86.44974162665979 23.76287817144248, 86.447745298947 23.7632373282255, 86.44633207380973 23.76184297260484, 86.44433578666892 23.76220209107875, 86.44375269500634 23.76395554962686, 86.44175641878776 23.76431461424495, 86.44034326389537 23.76292023586582, 86.43834702827189 23.76327926217869, 86.43693392135354 23.761884857708, 86.43751702776466 23.76013142358116, 86.43610394652849 23.75873698968366, 86.43668704895582 23.75698351057487, 86.43527399340158 23.75558904726052))"
893ca9c9d9bffff,45,"POLYGON ((86.4455019546527 23.75869507179877, 86.44608503097379 23.75694151107258, 86.44808129937091 23.75658232320335, 86.44866436432942 23.75482870529401, 86.4506606436349 23.75446946358155, 86.45124369722848 23.75271578849573, 86.45323998743422 23.75235649294446, 86.45382302966048 23.7506027606889, 86.45581933075837 23.75024341130326, 86.45723261927974 23.75163780970638, 86.45922896091027 23.75127842201987, 86.46064229735565 23.75267279431788, 86.4626386795061 23.75231336832589, 86.46405206386753 23.75370771450958, 86.46346904383654 23.75546148335463, 86.4614726320398 23.7558208938245, 86.46088960063126 23.75757460550416, 86.46230298842272 23.75896891890317, 86.46171995303999 23.76072258560096, 86.46313336650485 23.7621168695355, 86.46255032714818 23.76387049124305, 86.46055386692316 23.76422981682941, 86.45914047570466 23.7628355362304, 86.45714405600312 23.76319482349462, 86.45656099787023 23.76494837583103, 86.45456458905154 23.76530760924599, 86.45398151954714 23.76706110439165, 86.45198512161944 23.76742028395295, 86.45057182285294 23.76602598390357, 86.4511548997481 23.7642725009525, 86.44974162665979 23.76287817144248, 86.45032469957631 23.76112464349696, 86.44891145216594 23.7597302845363, 86.44691515411101 23.76008945686162, 86.4455019546527 23.75869507179877))"
893ca9c9da7ffff,38,"POLYGON ((86.46770934751689 23.75964437795159, 86.46829236411186 23.75789064189896, 86.47028885690568 23.75753115479374, 86.47170236274509 23.75892541925147, 86.47111935356396 23.7606791674837, 86.47253288507353 23.76207340246161, 86.47452944798626 23.7617138925364, 86.47511244974882 23.75996013212914, 86.47710902348889 23.75960056837022, 86.47852262510234 23.76099478051823, 86.47793963076305 23.76274855309591, 86.47935325804468 23.7641427357472, 86.47877025973766 23.76589646332738, 86.47677362672329 23.76625599608938, 86.47619061702294 23.7680096664995, 86.47419399483127 23.76836914542037, 86.47361097373994 23.77012275865372, 86.47161436237904 23.77048218372897, 86.47020080175243 23.76908801107553, 86.46820423087456 23.76944739780954, 86.46679071815099 23.76805319899039, 86.46737375407308 23.76629961010206, 86.4659602670225 23.76490538179005, 86.46654329897214 23.76315174789998, 86.46853981056185 23.76279233014354, 86.46912283112842 23.76103863907904, 86.46770934751689 23.75964437795159))"
893ca9ca037ffff,35,"POLYGON ((86.40270304429298 23.84218569166582, 86.40129000543844 23.84079173158169, 86.40187336784153 23.83903991491315, 86.40046035469534 23.83764592524527, 86.40104371309864 23.83589406339199, 86.40304007732344 23.83553617900476, 86.40362342440211 23.83378425977058, 86.40561979967978 23.83342632140658, 86.40703285758212 23.83482031787758, 86.40902927360679 23.83446234113787, 86.41044237958317 23.83585631142783, 86.41243883634215 23.83549829630782, 86.41385199038457 23.83689224040753, 86.41326866530801 23.8386441962279, 86.41127217884906 23.83900219575815, 86.41068884243761 23.84075409420191, 86.40869236700843 23.84111203975307, 86.40810901926443 23.8428638808136, 86.40611255487308 23.84322177238127, 86.40469946793148 23.84182783848516, 86.40270304429298 23.84218569166582))"
893ca9ca07bffff,93,"POLYGON ((86.39265726209698 23.8159811283811, 86.39465340729767 23.81562318867543, 86.39523673769594 23.81387101076264, 86.39723289397382 23.81351301710168, 86.39781621305484 23.81176078184448, 86.3998123804018 23.81140273423264, 86.40122525837083 23.81279693749009, 86.40322146648076 23.81243885153973, 86.40463439253075 23.81383302867519, 86.40663064139093 23.81347490438168, 86.40804361551392 23.814869055386, 86.40746031840787 23.81662132729506, 86.40546403984797 23.81697943598752, 86.40488073141441 23.81873165055649, 86.40288446390046 23.81908970529576, 86.40230114414177 23.820841862518, 86.40030488768188 23.82119986329968, 86.39972155660044 23.82295196316851, 86.40113448930191 23.82434607446859, 86.40055115422081 23.82609812919127, 86.40196411262829 23.8274922109489, 86.40138077354774 23.8292442205171, 86.39938446873654 23.82960213611734, 86.39880111833348 23.83135408831505, 86.39680482458789 23.83171194994149, 86.39539191095555 23.83031787498241, 86.39339565799501 23.830675698247, 86.39198279246864 23.82928159714357, 86.39256615750418 23.82752966937487, 86.39115331768733 23.82613553873442, 86.39173667871981 23.82438356581227, 86.39032386461221 23.82298940564475, 86.39090722164138 23.82123738757748, 86.39290338546805 23.82087951745427, 86.39348673118367 23.81912744202407, 86.39207392038384 23.81773324894283, 86.39265726209698 23.8159811283811))"
893ca9ca137ffff,55,"POLYGON ((86.42349805235203 23.84175163215088, 86.42408135538413 23.83999963978547, 86.42607797495332 23.83964147109809, 86.42666126663786 23.83788942136708, 86.42865789718938 23.83753119871153, 86.43007126574366 23.83892504135225, 86.43206793695555 23.83856678029404, 86.43348135352896 23.83996059669791, 86.43547806538852 23.83960229723242, 86.43689152997302 23.84099608739025, 86.43630826038566 23.84274817362086, 86.43772175066681 23.84414193413198, 86.4371384770934 23.84589397516015, 86.43514170586595 23.84625224351884, 86.43455842093371 23.84800422718054, 86.4359719146008 23.84939795463971, 86.43538862568171 23.85114989308542, 86.43339183572475 23.85150809191524, 86.43197836437439 23.85011436785359, 86.42998161506866 23.85047252825951, 86.42939830742586 23.85222439716827, 86.42740156909316 23.85258250359122, 86.42681825009863 23.85433431511352, 86.42482152274707 23.85469236754908, 86.42340814408445 23.85329862402929, 86.42399147043703 23.85154682467161, 86.42257811747737 23.85015305149753, 86.42058146050611 23.85051108108509, 86.41916815559256 23.84911728166869, 86.41975148530564 23.84736544926315, 86.41833820609574 23.84597162021085, 86.41892153181574 23.84421974259661, 86.42091812939603 23.84386168185882, 86.42233143095062 23.84525551431161, 86.42432806922258 23.84489741516906, 86.42491137624562 23.84314546800192, 86.42349805235203 23.84175163215088))"
893ca9ca14fffff,56,"POLYGON ((86.42358795355256 23.83020349092954, 86.4250012226813 23.83159741901093, 86.42441793897729 23.83334955910304, 86.42242137878962 23.83370775893229, 86.42183808374021 23.83545984166924, 86.41984153454759 23.83581798753331, 86.41925822815514 23.83757001290843, 86.42067147830574 23.83896390460013, 86.4200881679208 23.84071588478844, 86.41809160003591 23.84107396110377, 86.41750827830921 23.84282588391836, 86.41892153181574 23.84421974259661, 86.41833820609574 23.84597162021085, 86.41634161952203 23.84632962696725, 86.41492838836723 23.84493577169022, 86.41551172143326 23.843183906256, 86.41409851598284 23.84179002136146, 86.4146818450543 23.84003811073, 86.41326866530801 23.8386441962279, 86.41385199038457 23.83689224040753, 86.41243883634215 23.83549829630782, 86.41302215742364 23.8337462953069, 86.41501862520657 23.83338822621588, 86.41560193495187 23.83163616785025, 86.41418878425628 23.83024219076769, 86.41477209000732 23.82849008723505, 86.41335896501378 23.82709608057628, 86.41394226677032 23.82534393188499, 86.41593868617855 23.82498577765782, 86.41652197659866 23.82323357161888, 86.41851840701931 23.82287536343692, 86.4199315767116 23.82426937687621, 86.41934829363792 23.82602159510789, 86.4207614890298 23.82741557897403, 86.42275798983601 23.82705734799645, 86.42417123326595 23.82845130566937, 86.42358795355256 23.83020349092954))"
893ca9ca173ffff,13,"POLYGON ((86.41925822815514 23.83757001290843, 86.41984153454759 23.83581798753331, 86.42183808374021 23.83545984166924, 86.4232513562323 23.83685373675618, 86.4252479461107 23.83649555249867, 86.42666126663786 23.83788942136708, 86.42607797495332 23.83964147109809, 86.42408135538413 23.83999963978547, 86.42349805235203 23.84175163215088, 86.42491137624562 23.84314546800192, 86.42432806922258 23.84489741516906, 86.42233143095062 23.84525551431161, 86.42091812939603 23.84386168185882, 86.41892153181574 23.84421974259661, 86.41750827830921 23.84282588391836, 86.41809160003591 23.84107396110377, 86.4200881679208 23.84071588478844, 86.42067147830574 23.83896390460013, 86.41925822815514 23.83757001290843))"
893ca9ca193ffff,11,"POLYGON ((86.4165881982665 23.85122704786022, 86.4145915930074 23.85158498504753, 86.41400824061373 23.85333670266485, 86.41201164637509 23.85369458585827, 86.41059843423373 23.85230076702097, 86.41118179396791 23.85054906158341, 86.40976860753371 23.84915521311561, 86.4103519632714 23.84740346246206, 86.41234849810523 23.847045548093, 86.4137617069026 23.84843939996653, 86.41575828246161 23.84808144719591, 86.41717153932106 23.84947527284547, 86.4165881982665 23.85122704786022))"
893ca9ca1b3ffff,28,"POLYGON ((86.42482152274707 23.85469236754908, 86.42423819240314 23.85644412167828, 86.42565159676899 23.85783783553386, 86.42506826243398 23.85958954442625, 86.42307151637606 23.85994752730055, 86.4216581343499 23.85855381685151, 86.41966142898488 23.85891176129912, 86.41824809500986 23.85751802459164, 86.41625143035047 23.85787593061714, 86.41566806996708 23.85962755777125, 86.41367141632355 23.8599854097955, 86.41225815276702 23.85859165024899, 86.41284152049349 23.85684003526841, 86.41483814443454 23.85648216766037, 86.41542150082319 23.85473049527049, 86.41400824061373 23.85333670266485, 86.4145915930074 23.85158498504753, 86.4165881982665 23.85122704786022, 86.41717153932106 23.84947527284547, 86.41575828246161 23.84808144719591, 86.41634161952203 23.84632962696725, 86.41833820609574 23.84597162021085, 86.41975148530564 23.84736544926315, 86.41916815559256 23.84911728166869, 86.42058146050611 23.85051108108509, 86.42257811747737 23.85015305149753, 86.42399147043703 23.85154682467161, 86.42340814408445 23.85329862402929, 86.42482152274707 23.85469236754908))"
893ca9ca273ffff,71,"POLYGON ((86.38924837260035 23.81494480716458, 86.38783563561883 23.81355055847555, 86.38583957202373 23.81390842151522, 86.38442688316111 23.81251414673326, 86.3850102354817 23.81076200551776, 86.38700626936337 23.8104041268468, 86.38758961037701 23.80865192828259, 86.38617692481158 23.80725762062905, 86.3841809206433 23.80761551493293, 86.3827682831987 23.80622118120332, 86.38335162750801 23.80446894977901, 86.38534760196292 23.80411103984062, 86.38593093496736 23.80235875107802, 86.38451830081692 23.80096438449981, 86.38510162981642 23.79921205065058, 86.38709758566524 23.79885407113417, 86.38768090335856 23.79710167995855, 86.38967687030652 23.79674364650467, 86.39108954926868 23.79813801985556, 86.39308555701407 23.79777994809362, 86.39449828407713 23.79917429537467, 86.39391498099991 23.80092671103277, 86.39532773376682 23.80232102885106, 86.39474442668831 23.80407339942146, 86.39615720515933 23.80546768776703, 86.39557389407975 23.80722001324138, 86.39698669825518 23.80861427210429, 86.39640338317473 23.81036655247423, 86.39781621305484 23.81176078184448, 86.39723289397382 23.81351301710168, 86.39523673769594 23.81387101076264, 86.39465340729767 23.81562318867543, 86.39265726209698 23.8159811283811, 86.39124447700459 23.81458690579421, 86.38924837260035 23.81494480716458))"
893ca9ca37bffff,115,"POLYGON ((86.41178974711354 23.80925380257322, 86.4123730175629 23.8075013708923, 86.41436929951929 23.80714308477674, 86.41578234071797 23.80853724593249, 86.4177786633807 23.80817892147129, 86.41919175262338 23.80957305648446, 86.41860849685865 23.81132551257759, 86.42002161179853 23.81271961805895, 86.42201800484315 23.81236127082682, 86.42343116781808 23.81375535014801, 86.42284791541198 23.81550777331929, 86.42426110408339 23.81690182309026, 86.4236778476868 23.81865420113212, 86.42509106205497 23.82004822134293, 86.4245078016681 23.82180055424699, 86.42592104173328 23.82319454488768, 86.42791756451456 23.82283620600774, 86.42933085260381 23.82423017045374, 86.42874759558617 23.82598247039384, 86.43016090937172 23.82737640525131, 86.42957764836557 23.82912866003382, 86.42758106621216 23.82948696778024, 86.42699779385589 23.83123916522089, 86.4250012226813 23.83159741901093, 86.42358795355256 23.83020349092954, 86.42417123326595 23.82845130566937, 86.42275798983601 23.82705734799645, 86.42334126555858 23.82530511757658, 86.42192804782718 23.82391113032205, 86.4199315767116 23.82426937687621, 86.41851840701931 23.82287536343692, 86.41652197659866 23.82323357161888, 86.41510885495339 23.82183953200401, 86.41311246524039 23.82219770181838, 86.41169939165017 23.82080363603711, 86.41228268541701 23.81905139705352, 86.41086963752804 23.81765730172592, 86.40887331823284 23.81801544877144, 86.40746031840787 23.81662132729506, 86.40804361551392 23.814869055386, 86.40663064139093 23.81347490438168, 86.40721393450025 23.81172258735049, 86.4092101944006 23.8113644091119, 86.40979347618111 23.8096120347525, 86.41178974711354 23.80925380257322))"
893ca9ca397ffff,88,"POLYGON ((86.39622146286469 23.83346384476206, 86.39422518019278 23.83382165241033, 86.39281228895662 23.8324275808539, 86.39339565799501 23.830675698247, 86.39539191095555 23.83031787498241, 86.39680482458789 23.83171194994149, 86.39880111833348 23.83135408831505, 86.39938446873654 23.82960213611734, 86.40138077354774 23.8292442205171, 86.40196411262829 23.8274922109489, 86.40396042849703 23.82713424137928, 86.4053734349885 23.82852829698193, 86.40736979160879 23.82817028904722, 86.40795311203426 23.82641820991042, 86.40994947969357 23.82606014801142, 86.41136255662603 23.82745418084427, 86.41335896501378 23.82709608057628, 86.41477209000732 23.82849008723505, 86.41418878425628 23.83024219076769, 86.41560193495187 23.83163616785025, 86.41501862520657 23.83338822621588, 86.41302215742364 23.8337462953069, 86.41243883634215 23.83549829630782, 86.41044237958317 23.83585631142783, 86.40902927360679 23.83446234113787, 86.40703285758212 23.83482031787758, 86.40561979967978 23.83342632140658, 86.40362342440211 23.83378425977058, 86.40304007732344 23.83553617900476, 86.40104371309864 23.83589406339199, 86.40046035469534 23.83764592524527, 86.40187336784153 23.83903991491315, 86.40129000543844 23.84079173158169, 86.39929362256547 23.84114954637996, 86.39788063180593 23.83975556011701, 86.39846400153151 23.8380037556513, 86.3970510364813 23.83660973981303, 86.39763440220582 23.83485789016572, 86.39622146286469 23.83346384476206))"
893ca9ca3c7ffff,85,"POLYGON ((86.40230114414177 23.820841862518, 86.40288446390046 23.81908970529576, 86.40488073141441 23.81873165055649, 86.40546403984797 23.81697943598752, 86.40746031840787 23.81662132729506, 86.40887331823284 23.81801544877144, 86.41086963752804 23.81765730172592, 86.41228268541701 23.81905139705352, 86.41169939165017 23.82080363603711, 86.41311246524039 23.82219770181838, 86.41510885495339 23.82183953200401, 86.41652197659866 23.82323357161888, 86.41593868617855 23.82498577765782, 86.41394226677032 23.82534393188499, 86.41335896501378 23.82709608057628, 86.41136255662603 23.82745418084427, 86.40994947969357 23.82606014801142, 86.40795311203426 23.82641820991042, 86.40736979160879 23.82817028904722, 86.4053734349885 23.82852829698193, 86.40396042849703 23.82713424137928, 86.40196411262829 23.8274922109489, 86.40055115422081 23.82609812919127, 86.40113448930191 23.82434607446859, 86.39972155660044 23.82295196316851, 86.40030488768188 23.82119986329968, 86.40230114414177 23.820841862518))"
893ca9ca80fffff,82,"POLYGON ((86.46435275318029 23.82617909797247, 86.46634967405654 23.82582025169921, 86.46776346075961 23.8272139901029, 86.46976042214931 23.82685510540967, 86.47117425677544 23.82824881752475, 86.47059110777353 23.83000141096135, 86.47200496808217 23.83139509340808, 86.47142181510786 23.83314764167149, 86.46942479440577 23.83350649535968, 86.46884163004006 23.83525898631575, 86.46684462018828 23.83561778606791, 86.46626144443353 23.83737021970995, 86.46426444544015 23.83772896552166, 86.46285065186355 23.83633529320003, 86.46343383502938 23.83458287168983, 86.46202006713911 23.83318916969531, 86.46002313833858 23.83354789258943, 86.45943994776634 23.8353003019632, 86.45744302984508 23.83565897091545, 86.45602933216266 23.83426524601324, 86.45661253013655 23.83251284878047, 86.45860941839238 23.83215416430847, 86.45919260498752 23.83040170975732, 86.45777891072836 23.82900795182186, 86.45836209334618 23.82725545210168, 86.46035896282046 23.82689669817385, 86.46094213405819 23.82514414114716, 86.46293901440831 23.82478533328928, 86.46435275318029 23.82617909797247))"
893ca9ca96bffff,99,"POLYGON ((86.49105778447236 23.83620908853678, 86.48906055062697 23.83656818837488, 86.48847743481306 23.83832079721436, 86.48648021175768 23.83867984312446, 86.4858970845353 23.84043239466388, 86.48389987227809 23.84079138664155, 86.48248581689148 23.83939784255824, 86.48048864508988 23.83975679608161, 86.47907463759928 23.83836322565682, 86.47965777969314 23.83661069833701, 86.47824379788361 23.83521709820713, 86.47882693600791 23.83346452569955, 86.47741297987913 23.8320708958745, 86.47541590784918 23.83242984192876, 86.47400199962647 23.83103618578829, 86.47458514120703 23.82928358022419, 86.47658218358542 23.82892461867723, 86.47716531376987 23.82717195581914, 86.47916236697422 23.8268129403494, 86.4797454857602 23.82506022020399, 86.48174254978245 23.82470115081595, 86.48232565716761 23.8229483733899, 86.48432273199964 23.82258925008795, 86.48573672908995 23.82398291969409, 86.48773384436595 23.82362375796055, 86.48914788933425 23.82501740124831, 86.48856479682648 23.82677020290688, 86.48997886747048 23.82816381650553, 86.48939577099738 23.8299165729972, 86.49080986731738 23.83131015689682, 86.49022676687918 23.83306286821328, 86.49164088887542 23.83445642240389, 86.49105778447236 23.83620908853678))"
893ca9caa8fffff,116,"POLYGON ((86.45162998777644 23.81363454517538, 86.45362669804017 23.81327576755107, 86.45420986076776 23.81152304211092, 86.45620658192701 23.81116421057069, 86.45762017002046 23.81255811999673, 86.45703701469021 23.81431085759519, 86.45845062846811 23.81570473741801, 86.46044741983609 23.81534588300864, 86.46186108155608 23.81673973658649, 86.46127792965193 23.81849244120511, 86.46269161705567 23.81988626516137, 86.46468847861506 23.81952738786601, 86.46610221395187 23.82092118555967, 86.46551906548137 23.82267385717929, 86.46352217426357 23.82303271896279, 86.46293901440831 23.82478533328928, 86.46094213405819 23.82514414114716, 86.46035896282046 23.82689669817385, 86.45836209334618 23.82725545210168, 86.45777891072836 23.82900795182186, 86.45578205213798 23.82936665181523, 86.45436840583196 23.82797286761095, 86.45495159584883 23.82622038003801, 86.45353797523059 23.82482656619761, 86.4515411868676 23.82518524330706, 86.45095798945634 23.82693771872816, 86.44896121199812 23.82729634190171, 86.44754766162229 23.8259025051873, 86.44813086642321 23.8241500419226, 86.45012761421147 23.82379140321544, 86.45071080764257 23.8220388826399, 86.44929726067494 23.82064501293056, 86.44730054255663 23.82100366717292, 86.44588704356009 23.81960977122998, 86.44647024039787 23.81785721767098, 86.44846692884627 23.81749854789182, 86.44905011431634 23.81574593703242, 86.45104681367643 23.81538721332848, 86.45162998777644 23.81363454517538))"
893ca9caad3ffff,48,"POLYGON ((86.43906687505766 23.81753909399217, 86.43707027874669 23.81789763307116, 86.43565692371146 23.81650365848249, 86.43624014268218 23.81475114143888, 86.43482681333919 23.81335713727621, 86.4354100283241 23.81160457510736, 86.43740656528153 23.81124600492126, 86.43881991692963 23.8126400124588, 86.44081649450681 23.81228140390014, 86.44139969076025 23.81052877225372, 86.44339627927231 23.81017010977256, 86.44480970120185 23.8115640944836, 86.44422651232817 23.81331673830349, 86.44563995994646 23.81471069343511, 86.44763661872496 23.81435200811753, 86.44905011431634 23.81574593703242, 86.44846692884627 23.81749854789182, 86.44647024039787 23.81785721767098, 86.44588704356009 23.81960977122998, 86.44730054255663 23.82100366717292, 86.44671734173716 23.82275617558894, 86.44472063453637 23.82311477589839, 86.44413742235049 23.82486722700213, 86.44214072607529 23.82522577337426, 86.44072727166169 23.82383188418642, 86.44131049122777 23.82207944524823, 86.43989706250593 23.82068552645802, 86.44048027808799 23.81893304237476, 86.43906687505766 23.81753909399217))"
893ca9cab1bffff,78,"POLYGON ((86.47159786172 23.81004538436095, 86.47301163809065 23.81143922177344, 86.47500854304911 23.81108012883467, 86.47642236732483 23.81247393998163, 86.4784193127596 23.81211480863638, 86.47983318493232 23.81350859350864, 86.47925008945238 23.8152615063665, 86.48066398730204 23.8166552615964, 86.48008088785343 23.81840812931866, 86.4814948113803 23.81980185489626, 86.4809117079633 23.82155467747459, 86.48232565716761 23.8229483733899, 86.48174254978245 23.82470115081595, 86.4797454857602 23.82506022020399, 86.47916236697422 23.8268129403494, 86.47716531376987 23.82717195581914, 86.47658218358542 23.82892461867723, 86.47458514120703 23.82928358022419, 86.47317125866584 23.82788989440694, 86.47117425677544 23.82824881752475, 86.46976042214931 23.82685510540967, 86.4703435671786 23.82510246680823, 86.46892975823472 23.82370872503478, 86.46951289929116 23.82195604127684, 86.46809911602926 23.82056226985495, 86.46610221395187 23.82092118555967, 86.46468847861506 23.81952738786601, 86.46527162311115 23.81777467110136, 86.46726849553245 23.81741573988851, 86.46785162864245 23.81566296584263, 86.46643789674376 23.81426913515375, 86.46702102588017 23.81251631597644, 86.46901787950156 23.81215731534447, 86.46960099725057 23.81040443889784, 86.47159786172 23.81004538436095))"
893ca9cab77ffff,15,"POLYGON ((86.48183017083068 23.81314942375235, 86.48241325491064 23.81139645363623, 86.48441025161765 23.81103722998159, 86.48582419388573 23.81243099192619, 86.48782123103318 23.81207172985664, 86.48923522117526 23.81346546550746, 86.48865215197175 23.81521845987191, 86.48665508518441 23.81557770646409, 86.48607200457404 23.8173306435732, 86.4840749485826 23.81768983626407, 86.48349185656774 23.81944271611112, 86.4814948113803 23.81980185489626, 86.48008088785343 23.81840812931866, 86.48066398730204 23.8166552615964, 86.47925008945238 23.8152615063665, 86.47983318493232 23.81350859350864, 86.48183017083068 23.81314942375235))"
893ca9cac03ffff,38,"POLYGON ((86.4371384770934 23.84589397516015, 86.43772175066681 23.84414193413198, 86.43630826038566 23.84274817362086, 86.43689152997302 23.84099608739025, 86.43888828246759 23.8406377495129, 86.44030179505522 23.84203151341552, 86.44229858817204 23.84167313712169, 86.44371214875481 23.84306687475992, 86.44312889392243 23.84481898530074, 86.44454248019986 23.84621269327537, 86.44653934360328 23.84585429409875, 86.44795297786681 23.84724797579138, 86.44736972643689 23.84900005326865, 86.44878338639433 23.85039370527929, 86.44820013098249 23.85214573753645, 86.44961381663413 23.85353935985518, 86.44903055724058 23.85529134688383, 86.4470336048058 23.85564969945531, 86.44561994144286 23.85425608053112, 86.44620320822486 23.85250410564134, 86.44478957055736 23.85111045702374, 86.44279268840239 23.85146878669163, 86.44137909872704 23.85007511178434, 86.43938225718748 23.85043340301984, 86.4387989756427 23.85218535361814, 86.43680214504722 23.85254359087647, 86.43538862568171 23.85114989308542, 86.4359719146008 23.84939795463971, 86.43455842093371 23.84800422718054, 86.43514170586595 23.84625224351884, 86.4371384770934 23.84589397516015))"
893ca9cac87ffff,31,"POLYGON ((86.43704910031363 23.85744100019959, 86.43763239720572 23.85568915221084, 86.43621885214151 23.85429548409786, 86.43680214504722 23.85254359087647, 86.4387989756427 23.85218535361814, 86.43938225718748 23.85043340301984, 86.44137909872704 23.85007511178434, 86.44279268840239 23.85146878669163, 86.44478957055736 23.85111045702374, 86.44620320822486 23.85250410564134, 86.44561994144286 23.85425608053112, 86.4470336048058 23.85564969945531, 86.44903055724058 23.85529134688383, 86.45044426858666 23.85668493950072, 86.44986100521169 23.85843688129256, 86.44786402309973 23.85879521833222, 86.44728074835248 23.86054710274628, 86.4452837771591 23.86090538580278, 86.44387011039363 23.85951179998029, 86.44187317980877 23.85987004458844, 86.44045956104044 23.85847643246013, 86.43846267107682 23.85883463862456, 86.43704910031363 23.85744100019959))"
893ca9cad4bffff,102,"POLYGON ((86.46168427017187 23.83984003370986, 86.46110107164614 23.84159235270382, 86.46251486865512 23.84298599196159, 86.46193166615302 23.84473826575316, 86.46334548885009 23.84613187531661, 86.46276228237183 23.84788410389743, 86.46417613075731 23.84927768375665, 86.46617320787391 23.84891903841867, 86.46758710419849 23.85031259194927, 86.46700390115716 23.85206478743182, 86.46841782316937 23.8534583112398, 86.46783461615367 23.85521046149183, 86.46924856385381 23.85660395556723, 86.46866535286397 23.85835606058038, 86.46666818675737 23.85871465940399, 86.46608496437685 23.86046670705848, 86.46408780913092 23.86082525191059, 86.46267390593233 23.85943176461465, 86.46325713572489 23.85767972907618, 86.46184325821676 23.85628621204466, 86.45984617317559 23.85664473394363, 86.45843234361958 23.85525119057653, 86.45643529913022 23.85560967402009, 86.45502151753432 23.8542161043266, 86.45302451360948 23.85457454931935, 86.45161077998172 23.85318095330864, 86.45219402800168 23.85142890891408, 86.4507803200671 23.85003528320304, 86.45136356410644 23.84828319358521, 86.44994988186478 23.84688953818376, 86.45053312192327 23.845137403351, 86.45253003683057 23.84477891178014, 86.45311326551526 23.84302671959858, 86.4516995866865 23.84163303112964, 86.45228281139116 23.83988079374669, 86.45427970752959 23.83952223269145, 86.45569340863233 23.84091592454516, 86.45769034533403 23.84055732506106, 86.45827355126401 23.83880501820185, 86.46027049885076 23.83844636476775, 86.46168427017187 23.83984003370986))"
893ca9cad77ffff,23,"POLYGON ((86.47865144015256 23.85656260428511, 86.47806825540763 23.85831479086278, 86.4760709974548 23.85867352059506, 86.47548780131002 23.86042564982365, 86.4734905541889 23.86078432559029, 86.47207653287251 23.85939088762045, 86.47007932625228 23.85974952491328, 86.46866535286397 23.85835606058038, 86.46924856385381 23.85660395556723, 86.46783461615367 23.85521046149183, 86.46841782316937 23.8534583112398, 86.46700390115716 23.85206478743182, 86.46758710419849 23.85031259194927, 86.46958422183559 23.849953908158, 86.47099816609122 23.85134743535083, 86.47299532423615 23.85098871310168, 86.47440931641485 23.85238221394755, 86.47640651505482 23.85202345323595, 86.47782055514858 23.8534169277257, 86.47981779427087 23.85305812854701, 86.48123188227169 23.8544515766715, 86.48064870892897 23.85620382059158, 86.47865144015256 23.85656260428511))"
893ca9cadabffff,10,"POLYGON ((86.46749891551853 23.86186016800127, 86.46608496437685 23.86046670705848, 86.46666818675737 23.85871465940399, 86.46866535286397 23.85835606058038, 86.47007932625228 23.85974952491328, 86.47207653287251 23.85939088762045, 86.4734905541889 23.86078432559029, 86.47290734664659 23.86253639746311, 86.47091011036527 23.86289501925966, 86.46949611128851 23.86150158467923, 86.46749891551853 23.86186016800127))"
893ca9cae4fffff,40,"POLYGON ((86.43989706250593 23.82068552645802, 86.44131049122777 23.82207944524823, 86.44072727166169 23.82383188418642, 86.43873061599703 23.82419039216474, 86.43731720957652 23.82279647675395, 86.43532059453518 23.82315494634306, 86.43390723611577 23.82176100471851, 86.43191066171043 23.82211943592302, 86.4304973513001 23.82072546809387, 86.43108059297863 23.81897306567976, 86.43307713770257 23.81861461891509, 86.43366036802838 23.8168621591829, 86.43565692371146 23.81650365848249, 86.43707027874669 23.81789763307116, 86.43906687505766 23.81753909399217, 86.44048027808799 23.81893304237476, 86.43989706250593 23.82068552645802))"
893ca9cb113ffff,29,"POLYGON ((86.38261384457299 23.78977150228739, 86.38460971128897 23.78941347586404, 86.38602229073146 23.79080793413743, 86.38543898104663 23.79256041545084, 86.38685158619441 23.79395484429831, 86.3888475234337 23.79359679521408, 86.39026017669129 23.79499119800931, 86.38967687030652 23.79674364650467, 86.38768090335856 23.79710167995855, 86.38709758566524 23.79885407113417, 86.38510162981642 23.79921205065058, 86.38368902137306 23.79781765462498, 86.38169310634474 23.79817559583724, 86.38028054602516 23.7967811737609, 86.37828467183007 23.79713907667366, 86.37687215964223 23.79574462855577, 86.37745549922442 23.79399227413813, 86.37604301274537 23.79259779659969, 86.37662634831956 23.79084539711837, 86.37521388754907 23.78945089016938, 86.375797219115 23.78769844563275, 86.37779300416365 23.78734049578119, 86.37920548736062 23.78873500611457, 86.38120131324926 23.78837701797941, 86.38261384457299 23.78977150228739))"
893ca9cb187ffff,11,"POLYGON ((86.38368902137306 23.79781765462498, 86.38510162981642 23.79921205065058, 86.38451830081692 23.80096438449981, 86.38252235607533 23.80132231007435, 86.38193901577202 23.80307458659053, 86.37994308214573 23.80343245821879, 86.37853051853952 23.80203806897186, 86.37911386613699 23.80028580470665, 86.37770132824012 23.79889138601926, 86.37828467183007 23.79713907667366, 86.38028054602516 23.7967811737609, 86.38169310634474 23.79817559583724, 86.38368902137306 23.79781765462498))"
893ca9cb1afffff,15,"POLYGON ((86.39142677414806 23.79148619863729, 86.39283944980419 23.79288060481394, 86.39483543892614 23.79252246349829, 86.39624816267713 23.79391684361282, 86.39566487491578 23.79566936166187, 86.39707762436912 23.79706371232513, 86.39649433260728 23.79881618530007, 86.39449828407713 23.79917429537467, 86.39308555701407 23.79777994809362, 86.39108954926868 23.79813801985556, 86.38967687030652 23.79674364650467, 86.39026017669129 23.79499119800931, 86.3888475234337 23.79359679521408, 86.38943082581542 23.79184430165089, 86.39142677414806 23.79148619863729))"
893ca9cb52fffff,8,"POLYGON ((86.37736380803811 23.80554249507284, 86.37595126685909 23.80414810921867, 86.37653462575457 23.8023959022946, 86.37512211028611 23.80100148699843, 86.37570546517304 23.79924923498874, 86.37770132824012 23.79889138601926, 86.37911386613699 23.80028580470665, 86.37853051853952 23.80203806897186, 86.37994308214573 23.80343245821879, 86.37935973054098 23.80518467739526, 86.37736380803811 23.80554249507284))"
893ca9cf68bffff,63,"POLYGON ((86.48773384436595 23.82362375796055, 86.48831693290816 23.82187091114346, 86.49031405897539 23.82151169550119, 86.49089713610863 23.81975879141828, 86.49289427295899 23.81939952187172, 86.49430836231261 23.82079317187733, 86.49630553957331 23.82043386389602, 86.49771967678288 23.82182748757263, 86.49713661455009 23.82358041587304, 86.4985507774318 23.82497400985515, 86.50054802472322 23.82461467889275, 86.50196223545183 23.82600824652826, 86.50137917671573 23.82776114176789, 86.5027934131158 23.82915467969051, 86.50479073042054 23.82879532573018, 86.50620501465846 23.8301888372886, 86.50562195942659 23.83194169944827, 86.50362461249105 23.83230103795892, 86.50304154583444 23.83405384284816, 86.50104420964374 23.83441312744555, 86.49962996974394 23.83301962260665, 86.49763267394164 23.83337886874344, 86.49621848189376 23.83198533754181, 86.49422122649258 23.83234454522261, 86.49363813350274 23.83409726864221, 86.49164088887542 23.83445642240389, 86.49022676687918 23.83306286821328, 86.49080986731738 23.83131015689682, 86.48939577099738 23.8299165729972, 86.48997886747048 23.82816381650553, 86.48856479682648 23.82677020290688, 86.48914788933425 23.82501740124831, 86.48773384436595 23.82362375796055))"
893ca9cf69bffff,59,"POLYGON ((86.49871186656345 23.84142391293586, 86.49671452224894 23.84178307423421, 86.49613141736911 23.8435356620687, 86.49413408382142 23.84389476943679, 86.49271988479488 23.84250130443288, 86.49072259166462 23.84286037333289, 86.48930844051002 23.84146688196001, 86.48731118780992 23.84182591239657, 86.4858970845353 23.84043239466388, 86.48648021175768 23.83867984312446, 86.48847743481306 23.83832079721436, 86.48906055062697 23.83656818837488, 86.49105778447236 23.83620908853678, 86.49164088887542 23.83445642240389, 86.49363813350274 23.83409726864221, 86.49422122649258 23.83234454522261, 86.49621848189376 23.83198533754181, 86.49763267394164 23.83337886874344, 86.49962996974394 23.83301962260665, 86.50104420964374 23.83441312744555, 86.50304154583444 23.83405384284816, 86.50445583357813 23.83544732131515, 86.50387276296162 23.8372000810167, 86.50528707637754 23.83859352974097, 86.50470400180134 23.84034624424645, 86.50270660634429 23.84070549794184, 86.50212352034359 23.84245815515978, 86.50012613563483 23.84281735493005, 86.49871186656345 23.84142391293586))"
